{
  "usuarios": [
    {
      "id": "U0000",
      "tipo": "admin",
      "email": "admin@fm.com",
      "password": "5e5bdb9bb8366ca74e4cba341b5c6a36d1b2a4b3c7fcb7ff2519b9b4f6f2d85d",
      "saldo": -1.0,
      "equipo": "T01",
      "alineacion": {
        "formacion": "4-4-2",
        "portero": "P0001",
        "defensas": [
          "P0003",
          "P0004",
          "P0005",
          "P0006"
        ],
        "medios": [
          "P0013",
          "P0014",
          "P0015",
          "P0016"
        ],
        "delanteros": [
          "P0010",
          "P0009"
        ]
      }
    },

    {
      "id": "U0001",
      "tipo": "ESTANDAR",
      "email": "luis99@fm.com",
      "password": "5e5bdb9bb8366ca74e4cba341b5c6a36d1b2a4b3c7fcb7ff2519b9b4f6f2d85d",
      "saldo": 50.0,
      "equipo": "T14",
      "alineacion": {
        "formacion": "4-4-2",
        "portero": "P0001",
        "defensas": [
          "P0162",
          "P0202",
          "P0051",
          "P0273"
        ],
        "medios": [
          "P0083",
          "P0011",
          "P0038",
          "P0319"
        ],
        "delanteros": [
          "P0417",
          "P0241"
        ]
      }
    }
  ]
}
